,Names
0,Steve Smith
1,Steve Smith
2,PJ Brown
3,PJ Brown
4,PJ Brown
5,Grady Livingston
6,BJ Armstrong
7,BJ Armstrong
8,BJ Armstrong
9,BJ Armstrong
10,Jo Jo English
11,Kevin Rankin
12,Kenny Harris
13,Mike Holton
14,Fat Lever
15,Fat Lever
16,Steve Bardo
17,Fat Lever
18,Mark Hughes
19,Steve Bardo
20,Rodney Zimmerman
21,BJ Armstrong
22,Curtis Blair
23,Damon Bailey
24,Damon Bailey
25,Jaren Jackson Jr
26,Logan Vander Velden
27,Constantin Popa
28,Cliff Robinson
29,Kareem Townes
30,Rich Manning
31,Rodney Dent
32,Nate Higgs
33,Steve Smith
34,Steve Smith
35,Steve Smith
36,Ron Grandison
37,Danny Schayes
38,Danny Schayes
39,Danny Schayes
40,Danny Schayes
41,Reggie Fox
42,Melvin Robinson
43,Ron Grandison
44,Ron Grandison
45,Rodney Dent
46,Clarence Weatherspoon
47,Eddie Lee Wilkins
48,Clarence Weatherspoon
49,Eddie Lee Wilkins
50,Clarence Weatherspoon
51,Derrick Alston Sr
52,Jaren Jackson Jr
53,Clarence Weatherspoon
54,Derrick Alston Sr
55,Danny Schayes
56,Cliff Robinson
57,Cliff Robinson
58,Dave Greenwood
59,Isaac Austin
60,Isaac Austin
61,Isaac Austin
62,LaBradford Smith
63,LaBradford Smith
64,LaBradford Smith
65,Steve Smith
66,Steve Smith
67,Steve Smith
68,Jeffrey Sheppard
69,Jeffrey Sheppard
70,Rusty Larue
71,BJ Armstrong
72,Rusty Larue
73,Brett Robisch
74,AJ Guyton
75,Carlos Strong
76,Tyrone Grant
77,PJ Brown
78,Clarence Weatherspoon
79,Adrian Custis
80,BJ Armstrong
81,Marcus Mann
82,BJ Armstrong
83,Serge Zwikker
84,Todd Lindeman
85,Mate Skelin
86,Mate Skelin
87,Shannon Smith
88,BJ Armstrong
89,Stanislav Medvedenko
90,Rich Manning
91,Makhtar N'Diaye
92,Isaac Austin
93,PJ Brown
94,Isaac Austin
95,PJ Brown
96,Isaac Austin
97,Malcolm Huckaby
98,Patrick Savoy
99,PJ Brown
100,Clarence Weatherspoon
101,PJ Brown
102,Clarence Weatherspoon
103,Jermaine Walker
104,Virginijus Praskevicius
105,Radoslav Nesterovic
106,Radoslav Nesterovic
107,Danny Schayes
108,Radoslav Nesterovic
109,Ron Grandison
110,Frederic Weis
111,Pete Mickeal
112,Danny Schayes
113,Danny Schayes
114,Isaac Austin
115,Danny Schayes
116,BJ Armstrong
117,Makhtar N'Diaye
118,Louis Bullock
119,Clarence Weatherspoon
120,Clarence Weatherspoon
121,Ademola Okulaja
122,Mark Karcher
123,Horacio Llamas Grey
124,Horacio Llamas Grey
125,LaMarcus Golden
126,Iakovos Tsakalidis
127,Nikita Morgunov
128,Steve Smith
129,Nikita Morgunov
130,Steve Smith
131,Predrag Stojakovic
132,Predrag Stojakovic
133,Predrag Stojakovic
134,Hidayet Turkoglu
135,Jabari Smith Sr
136,Jaren Jackson Jr
137,Jaren Jackson Jr
138,Jaren Jackson Jr
139,Jaren Jackson Jr
140,Chris Carrawell
141,Paul Rogers
142,Bakari Hendrix
143,Jaren Jackson Jr
144,Isaac Austin
145,JR Bremer
146,Jabari Smith Sr
147,AJ Guyton
148,Roger Mason
149,Tommy Smith
150,Mike Sweetney
151,PJ Brown
152,Steve Smith
153,JR Bremer
154,Aleksandar Pavlovic
155,Aleksandar Pavlovic
156,Wang Zhizhi
157,Jon Stefansson
158,Didier Ilunga-Mbenga
159,Didier Ilunga-Mbenga
160,Nenê
161,Nenê
162,Nenê
163,Arthur Johnson
164,Nenê
165,AJ Guyton
166,Pete Mickeal
167,Clarence Weatherspoon
168,Clarence Weatherspoon
169,Clarence Weatherspoon
170,Norm Richardson
171,Wang Zhizhi
172,Wang Zhizhi
173,Josh Moore
174,Boniface N'Dong
175,Stanislav Medvedenko
176,Stanislav Medvedenko
177,Stanislav Medvedenko
178,Stanislav Medvedenko
179,Stanislav Medvedenko
180,Isaac Austin
181,Willie Solomon
182,Iakovos Tsakalidis
183,Iakovos Tsakalidis
184,Iakovos Tsakalidis
185,Wang Zhizhi
186,Wang Zhizhi
187,Ronald Murray
188,TJ Ford
189,TJ Ford
190,Maurice Williams
191,TJ Ford
192,Maurice Williams
193,Radoslav Nesterovic
194,Radoslav Nesterovic
195,PJ Brown
196,PJ Brown
197,Steve Smith
198,PJ Brown
199,Tim Pickett
200,PJ Brown
201,Sean Banks
202,Clarence Weatherspoon
203,Clarence Weatherspoon
204,Mike Sweetney
205,Mike Sweetney
206,Ronald Murray
207,Ibo Kutluay
208,Ronald Murray
209,Ibo Kutluay
210,Ronald Murray
211,Hidayet Turkoglu
212,Hidayet Turkoglu
213,Sam Clancy
214,Sam Clancy
215,Louis Williams
216,Iakovos Tsakalidis
217,Amare Stoudemire
218,Iakovos Tsakalidis
219,Amare Stoudemire
220,Amare Stoudemire
221,Amare Stoudemire
222,Lucas Tischer
223,Sergey Monya
224,Ha Seung-Jin
225,Predrag Stojakovic
226,Hidayet Turkoglu
227,Jabari Smith Sr
228,Predrag Stojakovic
229,Hidayet Turkoglu
230,Predrag Stojakovic
231,Jabari Smith Sr
232,Predrag Stojakovic
233,Predrag Stojakovic
234,Steve Smith
235,Jaren Jackson Jr
236,Steve Smith
237,Radoslav Nesterovic
238,Hidayet Turkoglu
239,Radoslav Nesterovic
240,Romain Sato
241,Radoslav Nesterovic
242,Romain Sato
243,Roger Mason
244,Roger Mason
245,Aleksandar Pavlovic
246,Maurice Williams
247,Kevin Pittsnogle
248,Brandon Wallace
249,JR Giddens
250,Stanislav Medvedenko
251,Ronald Murray
252,PJ Brown
253,Mike Sweetney
254,Ronald Murray
255,CJ Watson
256,DJ Augustin
257,DJ Augustin
258,DJ Augustin
259,Aleksandar Pavlovic
260,Aleksandar Pavlovic
261,Maurice Williams
262,Aleksandar Pavlovic
263,Maurice Williams
264,Didier Ilunga-Mbenga
265,Jose Juan Barea
266,Pat Carroll
267,Didier Ilunga-Mbenga
268,Jose Juan Barea
269,Didier Ilunga-Mbenga
270,Jose Juan Barea
271,Jose Juan Barea
272,Jose Juan Barea
273,Predrag Stojakovic
274,Aleksandar Pavlovic
275,Nenê
276,Jefferson Sobral
277,Nenê
278,Nenê
279,Nenê
280,Nenê
281,Ronald Murray
282,Ronald Murray
283,Terrico White
284,Didier Ilunga-Mbenga
285,CJ Watson
286,CJ Watson
287,Richard Hendrix
288,CJ Watson
289,Louis Amundson
290,Iakovos Tsakalidis
291,Adam Haluska
292,Jimmie Hunter
293,Radoslav Nesterovic
294,TJ Ford
295,TJ Ford
296,TJ Ford
297,Boniface N'Dong
298,Maurice Williams
299,Didier Ilunga-Mbenga
300,Didier Ilunga-Mbenga
301,Didier Ilunga-Mbenga
302,OJ Mayo
303,OJ Mayo
304,OJ Mayo
305,Ishmael Smith
306,Mike Gansey
307,Daniel Horton
308,Vincent Grier
309,Da'Sean Butler
310,Maurice Williams
311,Ha Seung-Jin
312,Maurice Williams
313,Aleksandar Pavlovic
314,Predrag Stojakovic
315,Predrag Stojakovic
316,Predrag Stojakovic
317,Predrag Stojakovic
318,Didier Ilunga-Mbenga
319,Aleksandar Pavlovic
320,Paul Miller
321,JR Giddens
322,Amare Stoudemire
323,Roger Mason
324,Saer Sene
325,Saer Sene
326,Saer Sene
327,BJ Mullens
328,BJ Mullens
329,Hidayet Turkoglu
330,Hidayet Turkoglu
331,Hidayet Turkoglu
332,Hidayet Turkoglu
333,Louis Williams
334,Louis Williams
335,Herbert Hill
336,Louis Williams
337,Louis Williams
338,Louis Williams
339,Amare Stoudemire
340,Amare Stoudemire
341,D.J. Strawberry
342,Amare Stoudemire
343,Amare Stoudemire
344,Aleksandar Pavlovic
345,Louis Amundson
346,Matt Janning
347,Patrick Mills
348,Patrick Mills
349,Sergey Monya
350,Willie Solomon
351,Roger Mason
352,Roger Mason
353,Radoslav Nesterovic
354,TJ Ford
355,PJ Tucker
356,TJ Ford
357,Radoslav Nesterovic
358,Hidayet Turkoglu
359,Radoslav Nesterovic
360,Predrag Stojakovic
361,Brian Chase
362,Roger Mason
363,Roger Mason
364,Hamady N'Diaye
365,Aleksandar Pavlovic
366,Christapher Johnson
367,Perry Jones
368,Louis Williams
369,Louis Williams
370,Dennis Schroeder
371,Dennis Schroeder
372,Dennis Schroeder
373,Tim Hardaway Jr
374,Walter Tavares
375,CJ Watson
376,CJ Watson
377,Louis Amundson
378,DJ Augustin
379,DJ Augustin
380,BJ Mullens
381,BJ Mullens
382,Maurice Williams
383,Micheal Eric
384,Maurice Williams
385,OJ Mayo
386,Jose Juan Barea
387,Amare Stoudemire
388,Jose Juan Barea
389,Nenê
390,DJ Augustin
391,Vyacheslav Kravtsov
392,Marcus Morris
393,Reggie Bullock
394,Ishmael Smith
395,Marcus Morris
396,Ishmael Smith
397,Louis Amundson
398,DJ Augustin
399,CJ Watson
400,CJ Watson
401,Joseph Young
402,Maurice Williams
403,Reggie Bullock
404,Hidayet Turkoglu
405,Hidayet Turkoglu
406,CJ Wilcox
407,CJ Wilcox
408,Louis Williams
409,Larry Nance Jr
410,Michael Frazier
411,Jonathan Holmes
412,OJ Mayo
413,James Ennis
414,James Ennis
415,Amare Stoudemire
416,Ishmael Smith
417,OJ Mayo
418,OJ Mayo
419,Johnny O'Bryant
420,Christapher Johnson
421,OJ Mayo
422,Johnny O'Bryant
423,Jose Juan Barea
424,Jose Juan Barea
425,Louis Amundson
426,Jose Juan Barea
427,Jose Juan Barea
428,Roger Mason
429,Louis Amundson
430,Ishmael Smith
431,Patric Young
432,James Ennis
433,Amare Stoudemire
434,Amare Stoudemire
435,Amare Stoudemire
436,Tim Hardaway Jr
437,Toure Murry
438,Amare Stoudemire
439,Louis Amundson
440,Tim Hardaway Jr
441,Louis Amundson
442,Perry Jones
443,Perry Jones
444,Enes Kanter
445,DJ Augustin
446,Perry Jones
447,Enes Kanter
448,Hidayet Turkoglu
449,Ishmael Smith
450,Hidayet Turkoglu
451,Moe Harkless
452,Hidayet Turkoglu
453,Moe Harkless
454,Moe Harkless
455,CJ Watson
456,Louis Williams
457,BJ Mullens
458,Christapher Johnson
459,Ishmael Smith
460,Ronald Roberts
461,Ishmael Smith
462,TJ McConnell
463,Scottie Wilbekin
464,Marcus Morris
465,PJ Tucker
466,Marcus Morris
467,Vyacheslav Kravtsov
468,Ishmael Smith
469,PJ Tucker
470,PJ Tucker
471,Marcus Morris
472,TJ Warren
473,Reggie Bullock
474,PJ Tucker
475,TJ Warren
476,Aleksandar Pavlovic
477,Maurice Williams
478,Moe Harkless
479,Roger Mason
480,TJ Ford
481,Patrick Mills
482,Patrick Mills
483,Patrick Mills
484,Patrick Mills
485,Louis Williams
486,Enes Kanter
487,Maurice Williams
488,Enes Kanter
489,Enes Kanter
490,Toure Murry
491,Christapher Johnson
492,Roger Mason
493,Hamady N'Diaye
494,Nenê
495,Nenê
496,Otto Porter
497,Glen Rice Jr
498,Nenê
499,Otto Porter
500,Glen Rice Jr
501,Nenê
502,Otto Porter
503,Kelly Oubre
504,Marcus Morris
505,Marcus Morris
506,Robert Williams
507,Walter Lemon Jr
508,Enes Kanter
509,Robert Williams
510,Robert Williams
511,Dennis Schroeder
512,Tim Hardaway Jr
513,DeAndre Bembry
514,Walter Tavares
515,Dennis Schroeder
516,DeAndre Bembry
517,Andrew White
518,DeAndre Bembry
519,DeAndre Bembry
520,Charlie Brown
521,Louis Williams
522,Egidijus Mockevicius
523,Prince Ibeh
524,Beau Beech
525,Yakuba Ouattara
526,James Webb
527,Nuni Omot
528,Nicolas Claxton
529,Timothe Luwawu
530,Timothe Luwawu
531,Nicolas Claxton
532,Thomas Walkup
533,Jaylen Johnson
534,CJ Fair
535,Otto Porter
536,Wendell Carter
537,Timothe Luwawu
538,Walter Lemon Jr
539,Otto Porter
540,Wendell Carter
541,Troy Brown
542,Johnny O'Bryant
543,Devonte Graham
544,JP Macura
545,PJ Washington
546,Devonte Graham
547,Raymond Spalding
548,PJ Washington
549,Devonte Graham
550,Vernon Carey
551,Walter Tavares
552,Larry Nance Jr
553,Marcus Thornton II
554,Larry Nance Jr
555,Billy Preston
556,Larry Nance Jr
557,JP Macura
558,Sir'Dominic Pointer
559,Larry Nance Jr
560,Jose Juan Barea
561,Jose Juan Barea
562,Dennis Smith
563,Tim Hardaway Jr
564,Jose Juan Barea
565,Raymond Spalding
566,Tim Hardaway Jr
567,Jose Juan Barea
568,Tim Hardaway Jr
569,Jose Juan Barea
570,Maurice Williams
571,Juan Hernangomez
572,Johnny O'Bryant
573,DJ Kennedy
574,Juan Hernangomez
575,Michael Porter
576,Juan Hernangomez
577,Michael Porter
578,Michael Porter
579,Ishmael Smith
580,Marcus Morris
581,Reggie Bullock
582,Nikola Jovanovic
583,Ishmael Smith
584,James Ennis
585,Reggie Bullock
586,Landry Nnoko
587,Ishmael Smith
588,Sviatoslav Mykhailiuk
589,Keenan Evans
590,Sviatoslav Mykhailiuk
591,Derrick Walton
592,Dennis Smith
593,Scott Wood
594,Elgin Cook
595,Kelly Oubre
596,Louis Williams
597,Nenê
598,PJ Tucker
599,Nenê
600,PJ Tucker
601,Nenê
602,Danuel House
603,Michael Frazier
604,PJ Tucker
605,Danuel House
606,Michael Frazier
607,DJ Augustin
608,DJ Wilson
609,Danuel House
610,Raymond Spalding
611,Joseph Young
612,Nick Zeisloft
613,TJ Leaf
614,Joseph Young
615,TJ Leaf
616,Wade Baldwin
617,Stephan Hicks
618,TJ Warren
619,TJ McConnell
620,TJ Leaf
621,Naz Long
622,Brian Bowen
623,TJ Warren
624,TJ McConnell
625,Brian Bowen
626,Louis Williams
627,CJ Williams
628,Louis Williams
629,Justin Bibbs
630,Marcus Morris
631,Louis Williams
632,Marcus Morris
633,Larry Nance Jr
634,Zach Auguste
635,VJ Beachem
636,Reggie Bullock
637,Dennis Schroeder
638,James Ennis
639,Wade Baldwin
640,Wade Baldwin
641,Rade Zagorac
642,Vince Hunter
643,Jaren Jackson Jr
644,Rade Zagorac
645,Jaren Jackson Jr
646,Jaren Jackson Jr
647,Stefan Jankovic
648,Matt Williams
649,Derrick Walton
650,Derrick Jones
651,Derrick Jones
652,Derrick Jones
653,DJ Wilson
654,Bronson Koenig
655,DJ Wilson
656,DJ Wilson
657,Frank Mason
658,PJ Tucker
659,CJ Williams
660,Mitch Creek
661,Juan Hernangomez
662,Juan Hernangomez
663,Walter Lemon Jr
664,Trevon Bluiett
665,Kira Lewis
666,Wesley Iwundu
667,Louis Amundson
668,JP Tokoto
669,Enes Kanter
670,Tim Hardaway Jr
671,Johnny O'Bryant
672,Enes Kanter
673,Dennis Smith
674,Kevin Knox
675,Moe Harkless
676,Dennis Smith
677,Kevin Knox
678,Reggie Bullock
679,Kenny Wooten
680,Kevin Knox
681,Reggie Bullock
682,Luca Vildoza
683,Andrew White
684,Enes Kanter
685,Kaleb Tarczewski
686,Dennis Schroeder
687,Richard Solomon
688,Dennis Schroeder
689,TJ Leaf
690,Sviatoslav Mykhailiuk
691,Charlie Brown
692,DJ Augustin
693,CJ Watson
694,CJ Wilcox
695,DJ Augustin
696,Wesley Iwundu
697,CJ Watson
698,DJ Augustin
699,Wesley Iwundu
700,Melvin Frazier
701,DJ Augustin
702,James Ennis
703,Wesley Iwundu
704,Melvin Frazier
705,Otto Porter
706,Wendell Carter
707,James Ennis
708,RJ Hampton
709,Timothe Luwawu
710,TJ McConnell
711,James Webb
712,Anthony Barber
713,Timothe Luwawu
714,TJ McConnell
715,James Ennis
716,TJ McConnell
717,TJ Warren
718,Derrick Jones
719,TJ Warren
720,Derrick Jones
721,Danuel House
722,TJ Warren
723,Kelly Oubre
724,Raymond Spalding
725,Kelly Oubre
726,Moe Harkless
727,Moe Harkless
728,Wade Baldwin
729,CJ Wilcox
730,Moe Harkless
731,Gary Trent Jr
732,Enes Kanter
733,Gary Trent Jr
734,Derrick Jones
735,Enes Kanter
736,Harry Giles
737,TJ Leaf
738,Isaiah Cousins
739,Harry Giles
740,Frank Mason
741,Marvin Bagley
742,Harry Giles
743,Frank Mason
744,Cody Demps
745,Marvin Bagley
746,Harry Giles
747,Marvin Bagley
748,Moe Harkless
749,Robert Woodard
750,Patrick Mills
751,Livio Jean-Charles
752,Patrick Mills
753,Livio Jean-Charles
754,Patrick Mills
755,Lonnie Walker
756,Patrick Mills
757,Lonnie Walker
758,Patrick Mills
759,Lonnie Walker
760,PJ Tucker
761,Brady Heslip
762,EJ Singler
763,DeAndre Bembry
764,Gary Trent Jr
765,Quincy Ford
766,Naz Long
767,Eric Griffin
768,Naz Long
769,Otto Porter
770,Kelly Oubre
771,Danuel House
772,Otto Porter
773,Kelly Oubre
774,Troy Brown
775,Tarik Phillip
776,Ishmael Smith
777,Troy Brown
778,Ishmael Smith
779,Caleb Homesley
780,Robert Williams
781,Robert Williams
782,Sviatoslav Mykhailiuk
783,Kevin Knox
784,Louis Williams
785,Timothe Luwawu
786,Wesley Iwundu
787,Chaundee Brown
788,Anthony Barber
789,Malik Ellison
790,Justin Tillman
791,Patrick Mills
792,Miles Norris
793,Patrick Mills
794,Nicolas Claxton
795,DeAndre Bembry
796,David Duke
797,James Ennis
798,Nicolas Claxton
799,Patrick Mills
800,David Duke
801,Dennis Schroeder
802,Nicolas Claxton
803,Dennis Smith
804,Lonnie Walker
805,Harry Giles
806,Jaylen Martin
807,Derrick Jones
808,Troy Brown
809,Derrick Jones
810,Justin Lewis
811,Justin Lewis
812,Kelly Oubre
813,PJ Washington
814,Wesley Iwundu
815,Kelly Oubre
816,PJ Washington
817,Dennis Smith
818,Sviatoslav Mykhailiuk
819,Ishmael Smith
820,Nick Smith
821,RJ Nembhard
822,Craig Porter
823,Marcus Morris
824,Tim Hardaway Jr
825,Reggie Bullock
826,Charlie Brown
827,Tim Hardaway Jr
828,Reggie Bullock
829,McKinley Wright
830,Tim Hardaway Jr
831,PJ Washington
832,Dereck Lively
833,Derrick Jones
834,Greg Brown
835,Michael Porter
836,James Ennis
837,Michael Porter
838,Ishmael Smith
839,Michael Porter
840,Marvin Bagley
841,Sean Chris Smith
842,Derrick Walton
843,Marvin Bagley
844,RJ Hampton
845,Danuel House
846,Troy Brown
847,Otto Porter
848,Jeff Dowtin
849,Patrick Baldwin
850,DJ Augustin
851,Dennis Schroeder
852,Danuel House
853,Enes Kanter
854,Moe Harkless
855,TyTy Washington
856,DJ Augustin
857,Cameron Whitmore
858,Reggie Bullock
859,Jermaine Samuels
860,TJ Warren
861,TJ McConnell
862,Duane Washington Jr
863,TJ McConnell
864,TJ McConnell
865,Marcus Morris
866,BJ Boston
867,James Ennis
868,Marcus Morris
869,BJ Boston
870,Keaton Wallace
871,PJ Tucker
872,BJ Boston
873,Josh Primo
874,DJ Augustin
875,Chaundee Brown
876,Lonnie Walker
877,Dennis Schroeder
878,Troy Brown
879,Scottie Pippen Jr
880,Harry Giles
881,Jaren Jackson Jr
882,Santiago Aldama
883,Jaren Jackson Jr
884,Santiago Aldama
885,Kenneth Lofton
886,Vince Williams Jr
887,Jaren Jackson Jr
888,Vince Williams Jr
889,Santiago Aldama
890,GG Jackson
891,Kenneth Lofton
892,Scottie Pippen Jr
893,Matthew Hurt
894,PJ Tucker
895,Ja'Vonte Smart
896,Aric Holman
897,Jaime Jaquez
898,Patrick Mills
899,RJ Hampton
900,DeAndre Bembry
901,Ja'Vonte Smart
902,Jeff Dowtin
903,Luca Vildoza
904,Andre Jackson Jr
905,TyTy Washington
906,Jaylin Galloway
907,McKinley Wright
908,Wendell Moore
909,Wendell Moore
910,TJ Warren
911,Jaylen Clark
912,Devonte Graham
913,Larry Nance Jr
914,Kira Lewis
915,Trey Murphy
916,Herb Jones
917,Daulton Hommes
918,Larry Nance Jr
919,Kira Lewis
920,Trey Murphy
921,Herb Jones
922,EJ Liddell
923,Herb Jones
924,Larry Nance Jr
925,Trey Murphy
926,EJ Liddell
927,Danuel House
928,Duane Washington Jr
929,Charlie Brown
930,Duane Washington Jr
931,Jaylen Martin
932,Melvin Frazier
933,TyTy Washington
934,Wendell Carter
935,RJ Hampton
936,Jeff Dowtin
937,Wendell Carter
938,RJ Hampton
939,Wendell Carter
940,Charlie Brown
941,PJ Tucker
942,Danuel House
943,Michael Foster
944,Kelly Oubre
945,Ricky Council
946,Kenneth Lofton
947,Jeff Dowtin
948,Ja'Vonte Smart
949,DJ Wilson
950,Ishmail Wainright
951,TJ Warren
952,Ishmail Wainright
953,Duane Washington Jr
954,Ishmail Wainright
955,Dennis Smith
956,Greg Brown
957,Kevin Knox
958,Greg Brown
959,John Butler
960,Jeenathan Williams
961,Robert Williams
962,Ishmail Wainright
963,Moe Harkless
964,Robert Woodard
965,Robert Woodard
966,DJ Steward
967,Lonnie Walker
968,Josh Primo
969,Robert Woodard
970,DJ Stewart
971,Devonte Graham
972,Josh Primo
973,Marcus Morris
974,Devonte Graham
975,Reggie Bullock
976,Josh Primo
977,David Duke
978,Charles Bediako
979,Sir'Jabari Rice
980,Gary Trent Jr
981,Sviatoslav Mykhailiuk
982,DJ Wilson
983,Ishmail Wainright
984,Gary Trent Jr
985,Otto Porter
986,Juan Hernangomez
987,Sviatoslav Mykhailiuk
988,Jeff Dowtin
989,Ron Harper Jr
990,DJ Wilson
991,Ishmail Wainright
992,Gary Trent Jr
993,Ron Harper Jr
994,Omari Moore
995,Juan Hernangomez
996,Danuel House
997,Vernon Carey
998,Otto Porter
999,Kira Lewis
1000,Kevin Knox
1001,Kenneth Lofton
1002,Taevion Kinsey
1003,Ishmael Smith
1004,Vernon Carey
1005,Vernon Carey
1006,Marvin Bagley
1007,Patrick Baldwin
1008,John Butler
1009,RJ Hampton
